Cloudera,541
Confluent,1
API7,1
Google,3602
Databricks,252
Oushu,4
FM Soft,26
StreamNative,1
IBM,3693
Netflix,467
Adobe,1475
Kyligence,74
Salesforce,507
Merico,91
Anaconda,34
Acquia,104
Intel,2860
Neo4j,688
Oneflow,282
Artelnics,2
CTrip,98
Linux China,48
Sourcefire,12
DaoCloud,572
Uber,408
Vesoft,94
Deno,360
Twitter,464
PingCAP,318
Mozilla,2508
Liferay,101
Primitiv Hub,41
Bytebase,50
Docker,164
Magento,86
SphereEx,6
Huawei,315
Amazon,9359
Baidu,736
Rapid7,301
Alluxio,13
KodeRover,7
OpenResty,72
Megvii,55
WordPress,172
Cloud Wise,17
SiliconFlow,35
Elastic,784
HashiCorp,1053
Mulesoft,194
Bilibili,73
Redis Labs,42
Qunar,47
Terminus,33
Chatopera,108
ForgeRock,40
Douban,69
Explosion AI,76
Microsoft,9316
Guojusoft,13
Odoo,30
Segment,426
Oracle,913
Blue Spire,84
Yunion,71
Postman,193
Talend,143
Meta,1513
Fastly,247
Samsung,170
Jina AI,237
EnterpriseDB,5
Nicira,7
Pentaho,100
GAAS,14
JuiceData,45
Ant group,82
Goodrain,107
ThinkPHP,48
Alibaba,4546
Varnish,9
JetBrains,710
MongoDB,261
SequoiaDB,2
Alfresco,163
JFrog,291
Kaltura,383
Puppet Labs,711
Netlify,380
MycroftAI,161
Xiaomi,152
Juejin,55
NVIDIA,902
360,92
Pivotal,548
RaRe Technologies,6
Didi,83
Instructure,299
Datafuse Labs,0
PayPal,283
Greptime,47
QingCloud,342
RT-Thread,31
Tencent,621
Vipshop,16
Deepin,244
Mapbox,853
Zilliz,48
Zalando,34
Deepmind,0
EasyCorp,39
Taichi,62
iQiyi,19
RedHat,87
Meituan,137
JD,165
DataCanvas,44
Cloudbees,2647
ByteDance,500
ZStack,10
Youzan,86
Shendu Fuzhi,5
Treasure Data,95
Segment Fault,18
Longboat,0
ESPRESSIF,250
Galaxy Future,2
WeBank,57
DCloud,50
OpenAI,177
H2O AI,239
Netease,208
Couchbase,230
VMWare,699
