Cloudera,31844
Confluent,16459
API7,2439
Google,1078696
Databricks,57470
Oushu,146
FM Soft,73
StreamNative,3908
IBM,89095
Netflix,67699
Adobe,58146
Kyligence,2513
Salesforce,16474
Merico,994
Anaconda,1736
Acquia,4157
Intel,72940
Neo4j,21666
Oneflow,2724
Artelnics,170
CTrip,3247
Linux China,3354
Sourcefire,560
DaoCloud,16622
Uber,46000
Vesoft,3052
Deno,23248
Twitter,282882
PingCAP,40986
Mozilla,74934
Liferay,10026
Primitiv Hub,414
Bytebase,1092
Docker,65443
Magento,20705
SphereEx,10
Huawei,8433
Amazon,317461
Baidu,54771
Rapid7,21987
Alluxio,3212
KodeRover,1414
OpenResty,10924
Megvii,1363
WordPress,34737
Cloud Wise,360
SiliconFlow,90
Elastic,85185
HashiCorp,117488
Mulesoft,3244
Bilibili,8723
Redis Labs,16293
Qunar,2316
Terminus,915
Chatopera,949
ForgeRock,264
Douban,3092
Explosion AI,8586
Microsoft,909416
Guojusoft,2570
Odoo,43515
Segment,10883
Oracle,53404
Blue Spire,5966
Yunion,1066
Postman,5739
Talend,883
Meta,433746
Fastly,1570
Samsung,5916
Jina AI,2827
EnterpriseDB,5575
Nicira,2669
Pentaho,10712
GAAS,508
JuiceData,1335
Ant group,2998
Goodrain,1842
ThinkPHP,7363
Alibaba,233870
Varnish,860
JetBrains,72176
MongoDB,25929
SequoiaDB,1433
Alfresco,3506
JFrog,9564
Kaltura,2751
Puppet Labs,19369
Netlify,9227
MycroftAI,6779
Xiaomi,22381
Juejin,8619
NVIDIA,81815
360,12671
Pivotal,18286
RaRe Technologies,305
Didi,14174
Instructure,4736
Datafuse Labs,0
PayPal,15027
Greptime,495
QingCloud,12931
RT-Thread,8240
Tencent,121225
Vipshop,3571
Deepin,6986
Mapbox,26263
Zilliz,1302
Zalando,5351
Deepmind,0
EasyCorp,1713
Taichi,2664
iQiyi,3815
RedHat,1393
Meituan,20642
JD,11130
DataCanvas,545
Cloudbees,79688
ByteDance,17235
ZStack,594
Youzan,19830
Shendu Fuzhi,247
Treasure Data,8959
Segment Fault,46
Longboat,0
ESPRESSIF,34654
Galaxy Future,32
WeBank,6190
DCloud,19195
OpenAI,97049
H2O AI,8591
Netease,10706
Couchbase,6134
VMWare,223153
