Cloudera,8707
Confluent,2638
API7,2602
Google,565797
Databricks,16737
Oushu,40
FM Soft,23
StreamNative,2589
IBM,33306
Netflix,20128
Adobe,45674
Kyligence,420
Salesforce,8620
Merico,734
Anaconda,679
Acquia,881
Intel,53649
Neo4j,16183
Oneflow,1468
Artelnics,102
CTrip,462
Linux China,753
Sourcefire,326
DaoCloud,16180
Uber,21953
Vesoft,1174
Deno,19561
Twitter,57715
PingCAP,10995
Mozilla,60516
Liferay,1647
Primitiv Hub,129
Bytebase,411
Docker,108099
Magento,21428
SphereEx,10
Huawei,3952
Amazon,193031
Baidu,20288
Rapid7,8696
Alluxio,1886
KodeRover,356
OpenResty,3884
Megvii,497
WordPress,15695
Cloud Wise,127
SiliconFlow,284
Elastic,61064
HashiCorp,103290
Mulesoft,2425
Bilibili,3197
Redis Labs,9537
Qunar,315
Terminus,163
Chatopera,128
ForgeRock,6
Douban,529
Explosion AI,5708
Microsoft,842550
Guojusoft,2418
Odoo,12370
Segment,8736
Oracle,22974
Blue Spire,3519
Yunion,350
Postman,28435
Talend,355
Meta,226820
Fastly,1418
Samsung,2478
Jina AI,1147
EnterpriseDB,162
Nicira,461
Pentaho,898
GAAS,98
JuiceData,725
Ant group,1110
Goodrain,406
ThinkPHP,2408
Alibaba,85874
Varnish,636
JetBrains,40132
MongoDB,8435
SequoiaDB,164
Alfresco,1721
JFrog,4796
Kaltura,2141
Puppet Labs,7267
Netlify,7507
MycroftAI,2058
Xiaomi,6252
Juejin,2380
NVIDIA,46979
360,2707
Pivotal,9674
RaRe Technologies,26
Didi,4599
Instructure,2652
Datafuse Labs,0
PayPal,9111
Greptime,257
QingCloud,3568
RT-Thread,1602
Tencent,37258
Vipshop,586
Deepin,3432
Mapbox,25692
Zilliz,945
Zalando,1694
Deepmind,0
EasyCorp,396
Taichi,1106
iQiyi,869
RedHat,568
Meituan,6582
JD,11986
DataCanvas,47
Cloudbees,41800
ByteDance,12179
ZStack,147
Youzan,10019
Shendu Fuzhi,20
Treasure Data,10517
Segment Fault,30
Longboat,0
ESPRESSIF,25444
Galaxy Future,14
WeBank,1901
DCloud,5639
OpenAI,18010
H2O AI,2571
Netease,3920
Couchbase,2694
VMWare,77451
