Cloudera,13924
Confluent,9013
API7,3089
Google,623379
Databricks,13642
Oushu,56
FM Soft,7
StreamNative,10712
IBM,117669
Netflix,67854
Adobe,93593
Kyligence,2874
Salesforce,26166
Merico,6303
Anaconda,1146
Acquia,346
Intel,163794
Neo4j,55420
Oneflow,13434
Artelnics,19
CTrip,1977
Linux China,25689
Sourcefire,25
DaoCloud,28708
Uber,46690
Vesoft,11721
Deno,41494
Twitter,27060
PingCAP,189324
Mozilla,222247
Liferay,8836
Primitiv Hub,1050
Bytebase,14448
Docker,28208
Magento,21095
SphereEx,33
Huawei,10464
Amazon,310339
Baidu,14879
Rapid7,14435
Alluxio,11184
KodeRover,3405
OpenResty,1692
Megvii,720
WordPress,41920
Cloud Wise,115
SiliconFlow,457
Elastic,307674
HashiCorp,146185
Mulesoft,41712
Bilibili,250
Redis Labs,8002
Qunar,233
Terminus,10667
Chatopera,5
ForgeRock,5
Douban,940
Explosion AI,5781
Microsoft,1394677
Guojusoft,68
Odoo,6758
Segment,13406
Oracle,32952
Blue Spire,4442
Yunion,19950
Postman,6995
Talend,6345
Meta,87391
Fastly,4799
Samsung,29388
Jina AI,4980
EnterpriseDB,0
Nicira,59
Pentaho,24882
GAAS,12
JuiceData,3817
Ant group,848
Goodrain,4501
ThinkPHP,1024
Alibaba,55973
Varnish,741
JetBrains,47740
MongoDB,52388
SequoiaDB,154
Alfresco,31121
JFrog,10224
Kaltura,24696
Puppet Labs,50759
Netlify,27852
MycroftAI,4941
Xiaomi,6385
Juejin,3937
NVIDIA,40691
360,855
Pivotal,43310
RaRe Technologies,10
Didi,3291
Instructure,7177
Datafuse Labs,0
PayPal,6937
Greptime,4806
QingCloud,17298
RT-Thread,7622
Tencent,43969
Vipshop,155
Deepin,20922
Mapbox,36454
Zilliz,2419
Zalando,1100
Deepmind,0
EasyCorp,409
Taichi,6056
iQiyi,516
RedHat,611
Meituan,1662
JD,6800
DataCanvas,2446
Cloudbees,103481
ByteDance,26772
ZStack,657
Youzan,8146
Shendu Fuzhi,5
Treasure Data,10000
Segment Fault,23
Longboat,0
ESPRESSIF,6183
Galaxy Future,50
WeBank,5863
DCloud,518
OpenAI,4789
H2O AI,12739
Netease,563
Couchbase,19589
VMWare,101356
