Cloudera,55104
Confluent,30542
API7,11870
Google,3693860
Databricks,118761
Oushu,352
FM Soft,406
StreamNative,13186
IBM,164574
Netflix,315047
Adobe,164496
Kyligence,4421
Salesforce,94265
Merico,4606
Anaconda,18633
Acquia,6104
Intel,278772
Neo4j,65558
Oneflow,16994
Artelnics,508
CTrip,12498
Linux China,4431
Sourcefire,2358
DaoCloud,29704
Uber,388920
Vesoft,15764
Deno,228240
Twitter,716206
PingCAP,161524
Mozilla,279154
Liferay,6987
Primitiv Hub,1773
Bytebase,11654
Docker,218925
Magento,19456
SphereEx,61
Huawei,25433
Amazon,633882
Baidu,196848
Rapid7,51228
Alluxio,5668
KodeRover,3979
OpenResty,48540
Megvii,9962
WordPress,48922
Cloud Wise,1446
SiliconFlow,1339
Elastic,204926
HashiCorp,283900
Mulesoft,4137
Bilibili,44962
Redis Labs,58180
Qunar,8508
Terminus,3424
Chatopera,4630
ForgeRock,302
Douban,12988
Explosion AI,47606
Microsoft,3082696
Guojusoft,9060
Odoo,45007
Segment,55513
Oracle,153203
Blue Spire,20853
Yunion,2581
Postman,23160
Talend,464
Meta,2041077
Fastly,3697
Samsung,11423
Jina AI,26030
EnterpriseDB,16765
Nicira,3839
Pentaho,10892
GAAS,2632
JuiceData,11957
Ant group,12706
Goodrain,5662
ThinkPHP,19100
Alibaba,927262
Varnish,4093
JetBrains,194155
MongoDB,74271
SequoiaDB,2449
Alfresco,2830
JFrog,6437
Kaltura,5232
Puppet Labs,14028
Netlify,58608
MycroftAI,15675
Xiaomi,63344
Juejin,49182
NVIDIA,446701
360,49099
Pivotal,15342
RaRe Technologies,515
Didi,85441
Instructure,8928
Datafuse Labs,0
PayPal,41386
Greptime,4711
QingCloud,29091
RT-Thread,13523
Tencent,550021
Vipshop,13594
Deepin,7717
Mapbox,97810
Zilliz,10276
Zalando,22580
Deepmind,0
EasyCorp,5990
Taichi,24252
iQiyi,20671
RedHat,3660
Meituan,97870
JD,66819
DataCanvas,1969
Cloudbees,90722
ByteDance,144397
ZStack,1698
Youzan,57491
Shendu Fuzhi,1301
Treasure Data,25101
Segment Fault,174
Longboat,0
ESPRESSIF,70683
Galaxy Future,55
WeBank,18591
DCloud,73661
OpenAI,521648
H2O AI,37321
Netease,35813
Couchbase,11437
VMWare,354843
