Cloudera,5925
Confluent,0
API7,5021
Google,697409
Databricks,11319
Oushu,3
FM Soft,43
StreamNative,6546
IBM,71523
Netflix,23417
Adobe,67373
Kyligence,422
Salesforce,10016
Merico,4422
Anaconda,940
Acquia,641
Intel,68308
Neo4j,22118
Oneflow,2872
Artelnics,163
CTrip,447
Linux China,423
Sourcefire,321
DaoCloud,79022
Uber,26816
Vesoft,4745
Deno,36074
Twitter,53969
PingCAP,68730
Mozilla,193007
Liferay,5028
Primitiv Hub,132
Bytebase,377
Docker,61759
Magento,34122
SphereEx,1
Huawei,4658
Amazon,161360
Baidu,25002
Rapid7,8095
Alluxio,2136
KodeRover,389
OpenResty,3636
Megvii,551
WordPress,48952
Cloud Wise,218
SiliconFlow,337
Elastic,168919
HashiCorp,103395
Mulesoft,1026
Bilibili,1905
Redis Labs,8835
Qunar,293
Terminus,126
Chatopera,265
ForgeRock,2
Douban,538
Explosion AI,6418
Microsoft,1303827
Guojusoft,3964
Odoo,18224
Segment,6043
Oracle,30595
Blue Spire,7302
Yunion,1568
Postman,15566
Talend,222
Meta,219516
Fastly,1377
Samsung,6630
Jina AI,2053
EnterpriseDB,0
Nicira,334
Pentaho,280
GAAS,207
JuiceData,1826
Ant group,954
Goodrain,1238
ThinkPHP,3763
Alibaba,93815
Varnish,1624
JetBrains,17795
MongoDB,3711
SequoiaDB,153
Alfresco,3108
JFrog,4468
Kaltura,2257
Puppet Labs,5481
Netlify,7382
MycroftAI,2692
Xiaomi,38233
Juejin,5996
NVIDIA,55051
360,2767
Pivotal,15732
RaRe Technologies,14
Didi,5511
Instructure,2297
Datafuse Labs,0
PayPal,8300
Greptime,1722
QingCloud,10382
RT-Thread,1554
Tencent,44925
Vipshop,1359
Deepin,15367
Mapbox,41266
Zilliz,1276
Zalando,2146
Deepmind,0
EasyCorp,419
Taichi,2733
iQiyi,844
RedHat,417
Meituan,5694
JD,16081
DataCanvas,78
Cloudbees,18286
ByteDance,19334
ZStack,160
Youzan,11863
Shendu Fuzhi,41
Treasure Data,9909
Segment Fault,4
Longboat,0
ESPRESSIF,33854
Galaxy Future,11
WeBank,4480
DCloud,6326
OpenAI,10683
H2O AI,16858
Netease,5090
Couchbase,7773
VMWare,162010
